// AAQ-RINKO Series AAQ-PRO2 Communication Software,,,,,,,,,,,,,,,,,
// Version 1.07,,,,,,,,,,,,,,,,,
// File Date:2022/05/25 12:07:41,,,,,,,,,,,,,,,,,
// (C) JFE Advantech Co., Ltd.,,,,,,,,,,,,,,,,
,,,,,,,,,,,,,,,,,
[Format],,,,,,,,,,,,,,,,,
FormatVersion=1.00,,,,,,,,,,,,,,,,,
DataFormat=1,,,,,,,,,,,,,,,,,
Delimiter=0,,,,,,,,,,,,,,,,,
MeasMode=0,,,,,,,,,,,,,,,,,
Model=PRO2,,,,,,,,,,,,,,,,,
,,,,,,,,,,,,,,,,,
[Head],,,,,,,,,,,,,,,,,
SondeName=AAQ176-CAD,,,,,,,,,,,,,,,,,
SondeNo=0203,,,,,,,,,,,,,,,,,
SensorType=D0D1T1C1C2K0U3O0TOP0TPQ0,,,,,,,,,,,,,,,,,
SensorType2=030303030303030303030303,,,,,,,,,,,,,,,,,
Channel=12,,,,,,,,,,,,,,,,,
Comment=,,,,,,,,,,,,,,,,,
,,,,,,,,,,,,,,,,,
PreHeat=1000,,,,,,,,,,,,,,,,,
Interval=200,,,,,,,,,,,,,,,,,
SampleCnt=412,,,,,,,,,,,,,,,,,
,,,,,,,,,,,,,,,,,
StartTime=2022/05/25 12:07:41,,,,,,,,,,,,,,,,,
EndTime=2022/05/25 12:09:07,,,,,,,,,,,,,,,,,
,,,,,,,,,,,,,,,,,
DepAdjRho=1.0250,,,,,,,,,,,,,,,,,
,,,,,,,,,,,,,,,,,
ECA=0,,,,,,,,,,,,,,,,,
ECB=1,,,,,,,,,,,,,,,,,
ECDeg=25,,,,,,,,,,,,,,,,,
ECCoef=0.022,,,,,,,,,,,,,,,,,
,,,,,,,,,,,,,,,,,
CHLA=0,,,,,,,,,,,,,,,,,
CHLB=1,,,,,,,,,,,,,,,,,
,,,,,,,,,,,,,,,,,
PC_SWA=0,,,,,,,,,,,,,,,,,
PC_SWB=1,,,,,,,,,,,,,,,,,
PC_SWC=0,,,,,,,,,,,,,,,,,
PC_SWD=0,,,,,,,,,,,,,,,,,
,,,,,,,,,,,,,,,,,
DepthZero=0.305,,,,,,,,,,,,,,,,,
StartDepthA=-0.147284913545912,,,,,,,,,,,,,,,,,
StartDepthB=-0.156977509628664,,,,,,,,,,,,,,,,,
,,,,,,,,,,,,,,,,,
FilmNo=132002A,,,,,,,,,,,,,,,,,
UseMicroMol=0,,,,,,,,,,,,,,,,,
,,,,,,,,,,,,,,,,,
CoefDate=2013/12/04 15:09:19,,,,,,,,,,,,,,,,,
,,,,,,,,,,,,,,,,,
Ch1=-5.57504600e-02,1.76E-05,0.00E+00,0.00E+00,0.00E+00,0.00E+00,0.00E+00,0.00E+00,,,,,,,,,,
Ch2=0.000000000e00,0.00E+00,0.00E+00,0.00E+00,0.00E+00,0.00E+00,0.00E+00,0.00E+00,,,,,,,,,,
Ch3=-5.42696500e00,1.07E-03,-1.26E-08,2.91E-13,-3.55E-18,2.59E-23,0.00E+00,0.00E+00,,,,,,,,,,
Ch4=8.422311000e-03,3.83E+01,-4.83E-02,0.00E+00,0.00E+00,0.00E+00,0.00E+00,0.00E+00,,,,,,,,,,
Ch5=0.000000000e00,1,0.00E+00,0.00E+00,0.00E+00,0.00E+00,0.00E+00,0.00E+00,,,,,,,,,,
Ch6=-5.17189500e00,7.80E-03,0.00E+00,0.00E+00,0.00E+00,0.00E+00,0.00E+00,0.00E+00,,,,,,,,,,
Ch7=-9.52763100e00,1.44E-02,8.80E-08,-2.06E-13,0.00E+00,0.00E+00,0.00E+00,0.00E+00,,,,,,,,,,
Ch8=-4.20210900e01,2.28E+06,-6.28E+03,1.02E-02,4.40E-03,0.00E+00,-1.28E+00,1.00E+00,,,,,,,,,,
Ch9=-5.65509000e00,1.03E-03,-8.37E-09,1.09E-13,0.00E+00,0.00E+00,0.00E+00,0.00E+00,,,,,,,,,,
Ch10=6.513151200e00,4.10E-04,0.00E+00,0.00E+00,0.00E+00,0.00E+00,0.00E+00,0.00E+00,,,,,,,,,,
Ch11=-5.06316300e00,1.74E-03,0.00E+00,0.00E+00,0.00E+00,0.00E+00,0.00E+00,0.00E+00,,,,,,,,,,
Ch12=-8.02874000e01,8.50E-02,0.00E+00,0.00E+00,0.00E+00,0.00E+00,0.00E+00,0.00E+00,,,,,,,,,,
,,,,,,,,,,,,,,,,,
[Item],,,,,,,,,,,,,,,,,
Date,Depth [m],Temp. [degC],Sal.,Cond. [mS/cm],EC25 [µS/cm],Density [kg/m3],SigmaT,Chl-Flu. [ppb],Chl-a [µg/l],Turb. [FTU],pH,DO [%],Weiss-DO [mg/l],Quant. [µmol/(m2*s)],Mark,G&G-DO [mg/l],B&K-DO [mg/l]
5/25/2022 12:07:41 PM,0,29.476,49.096,77.808,70832.7,1032.527,32.528,0.008,0.008,0,7.78,95.824,5.497,1541.858,0,5.51,5.513
5/25/2022 12:07:42 PM,0,29.479,49.112,77.834,70851.7,1032.537,32.538,0.039,0.039,0.087,7.797,95.826,5.496,1162.001,0,5.509,5.512
5/25/2022 12:07:42 PM,0,29.484,49.1,77.824,70836.3,1032.526,32.527,0,0,0,7.809,95.739,5.492,1508.808,0,5.504,5.507
5/25/2022 12:07:42 PM,0,29.485,49.095,77.819,70830,1032.522,32.523,0.078,0.078,0,7.815,95.763,5.494,1549.589,0,5.506,5.51
5/25/2022 12:07:42 PM,0,29.481,49.086,77.8,70818.5,1032.517,32.518,0,0,0,7.822,95.739,5.493,1633.36,0,5.505,5.509
5/25/2022 12:07:42 PM,0,29.476,49.096,77.808,70832.4,1032.527,32.527,0.078,0.078,0.146,7.835,95.837,5.5,1616.708,0,5.512,5.515
5/25/2022 12:07:43 PM,0,29.472,49.089,77.792,70823.8,1032.523,32.523,0.047,0.047,0.116,7.846,95.756,5.494,1700.564,0,5.507,5.51
5/25/2022 12:07:43 PM,0,29.468,49.095,77.794,70831.8,1032.529,32.529,0.125,0.125,0.262,7.851,95.718,5.492,1118.246,0,5.505,5.508
5/25/2022 12:07:43 PM,0.062,29.465,49.101,77.797,70839.5,1032.535,32.535,0.07,0.07,0.116,7.859,95.825,5.499,1347.129,0,5.512,5.515
5/25/2022 12:07:43 PM,0.107,29.462,49.101,77.794,70839.8,1032.536,32.536,0.031,0.031,0.015,7.867,95.737,5.495,1619.427,0,5.507,5.51
5/25/2022 12:07:43 PM,0.137,29.459,49.109,77.8,70850.2,1032.543,32.543,0,0,0,7.878,95.762,5.496,1394.112,0,5.509,5.512
5/25/2022 12:07:44 PM,0.14,29.453,49.131,77.822,70878.4,1032.562,32.561,0.086,0.086,0.175,7.882,95.867,5.502,1309.832,0,5.514,5.517
5/25/2022 12:07:44 PM,0.123,29.453,49.117,77.803,70861.2,1032.552,32.551,0.094,0.094,0.218,7.878,95.808,5.498,1376.865,0,5.51,5.514
5/25/2022 12:07:44 PM,0.078,29.461,49.092,77.78,70828.6,1032.529,32.529,0.031,0.031,0.073,7.883,95.914,5.504,1371.343,0,5.517,5.52
5/25/2022 12:07:44 PM,0,29.473,49.09,77.795,70824.8,1032.523,32.523,0,0,0,7.886,95.58,5.487,1489.692,0,5.499,5.502
5/25/2022 12:07:44 PM,0,29.473,49.096,77.804,70833,1032.528,32.529,0.047,0.047,0.015,7.887,95.608,5.488,1305.923,0,5.5,5.503
5/25/2022 12:07:45 PM,0,29.475,49.107,77.821,70846.7,1032.535,32.536,0.023,0.023,0.029,7.895,95.768,5.497,1600.99,0,5.51,5.513
5/25/2022 12:07:45 PM,0,29.476,49.088,77.797,70821.9,1032.52,32.521,0.023,0.023,0,7.905,95.698,5.493,1595.553,0,5.505,5.508
5/25/2022 12:07:45 PM,0,29.472,49.086,77.788,70820,1032.521,32.521,0.094,0.094,0.175,7.906,95.764,5.498,1053.252,0,5.51,5.513
5/25/2022 12:07:45 PM,0.125,29.462,49.077,77.762,70810.3,1032.518,32.518,0,0,0,7.914,95.668,5.494,832.185,0,5.506,5.509
5/25/2022 12:07:46 PM,0.349,29.453,49.091,77.768,70829,1032.533,32.532,0,0,0,7.916,95.627,5.492,733.631,0,5.504,5.507
5/25/2022 12:07:46 PM,0.657,29.455,49.101,77.784,70840.7,1032.541,32.538,0,0,0,7.919,95.772,5.503,872.966,0,5.516,5.519
5/25/2022 12:07:46 PM,0.808,29.46,49.111,77.805,70853.4,1032.548,32.544,0.14,0.14,0.189,7.918,95.795,5.506,978.912,0,5.519,5.522
5/25/2022 12:07:46 PM,0.911,29.465,49.115,77.818,70857.9,1032.549,32.546,0.133,0.133,0.291,7.919,95.871,5.511,1025.725,0,5.524,5.527
5/25/2022 12:07:46 PM,0.961,29.467,49.124,77.834,70868.8,1032.556,32.552,0.203,0.203,0.393,7.928,95.951,5.516,1479.667,0,5.528,5.531
5/25/2022 12:07:47 PM,0.972,29.472,49.132,77.852,70878.6,1032.56,32.556,0.101,0.101,0.189,7.924,96.043,5.519,1645.509,0,5.532,5.535
5/25/2022 12:07:47 PM,0.963,29.474,49.121,77.84,70864.4,1032.551,32.547,0.016,0.016,0,7.925,96.059,5.52,1245.687,0,5.532,5.535
5/25/2022 12:07:47 PM,0.963,29.475,49.119,77.838,70861.1,1032.549,32.545,0,0,0,7.924,96.004,5.516,1078.23,0,5.528,5.532
5/25/2022 12:07:47 PM,0.967,29.476,49.128,77.852,70873.3,1032.556,32.552,0.039,0.039,0.058,7.927,95.84,5.506,1093.948,0,5.519,5.522
5/25/2022 12:07:47 PM,0.967,29.477,49.121,77.844,70864.6,1032.55,32.546,0.031,0.031,0,7.927,96.003,5.516,1239.4,0,5.529,5.532
5/25/2022 12:07:48 PM,0.958,29.477,49.126,77.85,70869.6,1032.553,32.549,0.109,0.109,0.029,7.923,96.032,5.517,1074.747,0,5.53,5.533
5/25/2022 12:07:48 PM,0.97,29.477,49.132,77.859,70878.2,1032.558,32.554,0.109,0.109,0.16,7.926,95.981,5.514,1322.83,0,5.527,5.53
5/25/2022 12:07:48 PM,1.005,29.47,49.126,77.84,70870.7,1032.556,32.552,0.047,0.047,0.087,7.927,95.996,5.515,1079.844,0,5.528,5.531
5/25/2022 12:07:48 PM,1.05,29.463,49.133,77.84,70880.8,1032.564,32.56,0.031,0.031,0.073,7.927,95.996,5.514,1639.392,0,5.527,5.53
5/25/2022 12:07:48 PM,1.071,29.46,49.136,77.841,70885.4,1032.568,32.563,0,0,0,7.927,95.811,5.504,993.525,0,5.516,5.519
5/25/2022 12:07:49 PM,1.087,29.459,49.141,77.846,70891.2,1032.572,32.567,0.039,0.039,0.058,7.922,95.95,5.51,1329.118,0,5.523,5.526
5/25/2022 12:07:49 PM,1.111,29.456,49.146,77.848,70897.5,1032.577,32.572,0.047,0.047,0.102,7.924,95.865,5.504,1210.088,0,5.517,5.52
5/25/2022 12:07:49 PM,1.102,29.456,49.155,77.861,70909.4,1032.584,32.579,0.062,0.062,0.131,7.925,95.877,5.505,1127.252,0,5.518,5.521
5/25/2022 12:07:49 PM,1.094,29.456,49.161,77.868,70916.2,1032.588,32.583,0.016,0.016,0.029,7.924,96.045,5.514,1064.212,0,5.526,5.529
5/25/2022 12:07:49 PM,1.073,29.457,49.164,77.874,70920.3,1032.59,32.586,0.047,0.047,0.044,7.926,95.785,5.498,948.411,0,5.511,5.514
5/25/2022 12:07:50 PM,1.045,29.457,49.171,77.885,70929.6,1032.595,32.591,0.055,0.055,0.058,7.923,95.813,5.498,893.102,0,5.511,5.514
5/25/2022 12:07:50 PM,1.029,29.458,49.174,77.889,70932.3,1032.597,32.592,0.07,0.07,0.131,7.921,95.744,5.493,1007.458,0,5.506,5.509
5/25/2022 12:07:50 PM,1.014,29.459,49.182,77.901,70942.6,1032.603,32.598,0.031,0.031,0,7.926,95.828,5.497,1304.904,0,5.51,5.513
5/25/2022 12:07:50 PM,1.01,29.462,49.167,77.885,70923.6,1032.59,32.586,0.008,0.008,0,7.927,95.731,5.491,904.316,0,5.504,5.507
5/25/2022 12:07:51 PM,0.998,29.459,49.18,77.899,70940.3,1032.601,32.597,0.016,0.016,0.015,7.925,95.866,5.498,1176.614,0,5.511,5.514
5/25/2022 12:07:51 PM,0.982,29.46,49.181,77.901,70940.7,1032.601,32.597,0.039,0.039,0.073,7.918,95.914,5.502,1045.69,0,5.515,5.518
5/25/2022 12:07:51 PM,0.948,29.46,49.163,77.877,70918.1,1032.587,32.583,0.062,0.062,0.102,7.915,95.974,5.507,1077.635,0,5.52,5.523
5/25/2022 12:07:51 PM,0.911,29.469,49.146,77.866,70896,1032.571,32.568,0,0,0.044,7.92,96.082,5.515,1316.373,0,5.528,5.531
5/25/2022 12:07:51 PM,0.885,29.474,49.145,77.872,70893.8,1032.569,32.565,0.078,0.078,0.306,7.924,96.013,5.512,1323.68,0,5.525,5.528
5/25/2022 12:07:52 PM,0.859,29.474,49.144,77.872,70893.3,1032.568,32.564,0.047,0.047,0.102,7.92,95.876,5.504,1029.378,0,5.516,5.519
5/25/2022 12:07:52 PM,0.855,29.47,49.159,77.885,70912.3,1032.581,32.577,0.094,0.094,0.146,7.919,95.823,5.5,1008.563,0,5.513,5.516
5/25/2022 12:07:52 PM,0.881,29.464,49.147,77.86,70897.7,1032.574,32.57,0.062,0.062,0.102,7.917,95.939,5.508,1266.757,0,5.52,5.523
5/25/2022 12:07:52 PM,0.928,29.456,49.152,77.857,70905.4,1032.581,32.577,0.031,0.031,0.073,7.913,95.91,5.505,1408.215,0,5.518,5.521
5/25/2022 12:07:52 PM,0.977,29.454,49.153,77.854,70906.6,1032.582,32.578,0.055,0.055,0.131,7.911,95.8,5.499,1460.891,0,5.512,5.515
5/25/2022 12:07:53 PM,1.061,29.454,49.156,77.858,70910.4,1032.585,32.58,0.039,0.039,0.044,7.911,95.753,5.497,1165.569,0,5.51,5.513
5/25/2022 12:07:53 PM,1.109,29.456,49.158,77.864,70912.8,1032.586,32.581,0.039,0.039,0.058,7.912,95.876,5.504,1242.968,0,5.516,5.52
5/25/2022 12:07:53 PM,1.149,29.456,49.159,77.865,70913.7,1032.587,32.582,0.101,0.101,0.189,7.915,95.943,5.51,1037.109,0,5.522,5.525
5/25/2022 12:07:53 PM,1.172,29.456,49.164,77.874,70920.7,1032.591,32.586,0.016,0.016,0,7.913,95.927,5.51,798.626,0,5.522,5.525
5/25/2022 12:07:53 PM,1.172,29.456,49.177,77.89,70936.5,1032.601,32.596,0.023,0.023,0.015,7.912,96.002,5.513,1518.154,0,5.525,5.528
5/25/2022 12:07:54 PM,1.167,29.458,49.171,77.885,70928.8,1032.595,32.59,0.031,0.031,0.015,7.913,96.064,5.517,1297.342,0,5.529,5.532
5/25/2022 12:07:54 PM,1.115,29.463,49.159,77.876,70913.9,1032.585,32.58,0.023,0.023,0,7.908,95.927,5.51,828.107,0,5.523,5.526
5/25/2022 12:07:54 PM,1.073,29.465,49.155,77.873,70908,1032.58,32.576,0.039,0.039,0.058,7.912,95.99,5.514,872.881,0,5.527,5.53
5/25/2022 12:07:54 PM,1.028,29.465,49.156,77.875,70909.6,1032.581,32.577,0.023,0.023,0.058,7.914,95.835,5.505,1375.251,0,5.518,5.521
5/25/2022 12:07:55 PM,0.982,29.465,49.158,77.877,70911.4,1032.582,32.578,0.047,0.047,0.087,7.916,95.898,5.509,1011.706,0,5.522,5.525
5/25/2022 12:07:55 PM,0.951,29.467,49.162,77.886,70916.6,1032.584,32.58,0.016,0.016,0.029,7.918,95.886,5.507,1371.428,0,5.519,5.523
5/25/2022 12:07:55 PM,0.942,29.468,49.169,77.895,70924.6,1032.589,32.585,0.047,0.047,0.015,7.914,95.824,5.503,1031.927,0,5.516,5.519
5/25/2022 12:07:55 PM,0.942,29.461,49.182,77.904,70942.2,1032.602,32.598,0,0,0,7.916,95.785,5.501,1826.814,0,5.513,5.516
5/25/2022 12:07:55 PM,0.939,29.461,49.184,77.907,70944.7,1032.603,32.599,0.016,0.016,0.029,7.913,95.912,5.507,1244.582,0,5.52,5.523
5/25/2022 12:07:56 PM,0.944,29.468,49.167,77.894,70923.2,1032.588,32.584,0.031,0.031,0,7.909,95.9,5.508,1279.756,0,5.521,5.524
5/25/2022 12:07:56 PM,0.963,29.464,49.173,77.896,70930.8,1032.594,32.59,0.086,0.086,0.131,7.906,95.984,5.514,1323.17,0,5.527,5.53
5/25/2022 12:07:56 PM,0.982,29.458,49.179,77.896,70938.3,1032.6,32.596,0,0,0,7.905,95.865,5.508,1477.373,0,5.521,5.524
5/25/2022 12:07:56 PM,1.021,29.453,49.183,77.895,70944.7,1032.606,32.601,0.023,0.023,0.044,7.9,95.97,5.514,1381.538,0,5.527,5.53
5/25/2022 12:07:56 PM,1.045,29.454,49.185,77.899,70947.3,1032.607,32.603,0.055,0.055,0.073,7.901,95.959,5.513,1140.846,0,5.526,5.529
5/25/2022 12:07:57 PM,1.064,29.453,49.192,77.908,70956.1,1032.613,32.608,0.023,0.023,0,7.901,95.799,5.503,1238.465,0,5.516,5.519
5/25/2022 12:07:57 PM,1.071,29.452,49.198,77.914,70963.8,1032.618,32.613,0,0,0,7.9,95.996,5.515,1261.574,0,5.527,5.53
5/25/2022 12:07:57 PM,1.069,29.456,49.181,77.897,70942.1,1032.603,32.599,0.031,0.031,0.029,7.898,95.939,5.511,1158.093,0,5.524,5.527
5/25/2022 12:07:57 PM,1.043,29.46,49.168,77.883,70924.6,1032.592,32.587,0.031,0.031,0,7.897,95.722,5.5,1370.663,0,5.512,5.515
5/25/2022 12:07:57 PM,1.012,29.464,49.162,77.882,70916.9,1032.586,32.581,0.094,0.094,0.058,7.894,95.897,5.51,1267.012,0,5.523,5.526
5/25/2022 12:07:58 PM,0.974,29.463,49.164,77.883,70919.7,1032.588,32.583,0.031,0.031,0.015,7.893,95.747,5.502,1548.145,0,5.515,5.518
5/25/2022 12:07:58 PM,0.914,29.462,49.169,77.887,70925.4,1032.591,32.587,0.055,0.055,0.102,7.896,95.809,5.506,1258.091,0,5.519,5.522
5/25/2022 12:07:58 PM,0.897,29.46,49.177,77.897,70935.9,1032.598,32.594,0.008,0.008,0,7.899,95.804,5.506,1117.652,0,5.519,5.522
5/25/2022 12:07:58 PM,0.885,29.46,49.176,77.895,70934.5,1032.597,32.593,0.008,0.008,0.015,7.899,95.795,5.505,1448.487,0,5.518,5.521
5/25/2022 12:07:59 PM,0.904,29.456,49.18,77.895,70940.5,1032.602,32.598,0.016,0.016,0,7.9,95.856,5.51,1029.973,0,5.522,5.525
5/25/2022 12:07:59 PM,0.941,29.45,49.181,77.887,70942,1032.605,32.601,0.062,0.062,0.131,7.898,96.062,5.522,1580.855,0,5.535,5.538
5/25/2022 12:07:59 PM,0.975,29.447,49.187,77.892,70950,1032.61,32.606,0.055,0.055,0.102,7.901,96.091,5.523,1027.169,0,5.536,5.539
5/25/2022 12:07:59 PM,1.012,29.447,49.192,77.899,70956.6,1032.614,32.61,0.094,0.094,0.102,7.904,96.015,5.518,1247.131,0,5.53,5.534
5/25/2022 12:07:59 PM,1.05,29.448,49.19,77.897,70954.5,1032.613,32.609,0.078,0.078,0.116,7.903,96.021,5.519,1233.452,0,5.531,5.534
5/25/2022 12:08:00 PM,1.069,29.446,49.194,77.899,70958.7,1032.616,32.612,0,0,0,7.901,95.929,5.513,1249.765,0,5.526,5.529
5/25/2022 12:08:00 PM,1.085,29.445,49.198,77.904,70964.5,1032.62,32.616,0.031,0.031,0.102,7.9,95.931,5.513,1107.966,0,5.526,5.529
5/25/2022 12:08:00 PM,1.094,29.446,49.203,77.911,70970,1032.623,32.619,0.008,0.008,0.044,7.9,95.817,5.506,1401.759,0,5.519,5.522
5/25/2022 12:08:00 PM,1.104,29.446,49.205,77.915,70973.7,1032.626,32.621,0,0,0,7.907,95.798,5.505,1307.028,0,5.517,5.52
5/25/2022 12:08:00 PM,1.125,29.446,49.207,77.917,70975,1032.626,32.622,0.062,0.062,0.116,7.911,95.806,5.504,1537.44,0,5.516,5.52
5/25/2022 12:08:01 PM,1.125,29.447,49.209,77.922,70977.7,1032.628,32.623,0.101,0.101,0.16,7.904,95.779,5.503,1477.883,0,5.515,5.518
5/25/2022 12:08:01 PM,1.118,29.452,49.199,77.915,70964.5,1032.618,32.613,0.016,0.016,0,7.904,95.716,5.499,1648.653,0,5.512,5.515
5/25/2022 12:08:01 PM,1.108,29.452,49.193,77.907,70956.6,1032.613,32.609,0.07,0.07,0.146,7.904,95.984,5.516,1140.591,0,5.528,5.532
5/25/2022 12:08:01 PM,1.108,29.454,49.193,77.91,70957.4,1032.613,32.609,0.031,0.031,0.175,7.904,96.008,5.519,1325.124,0,5.531,5.534
5/25/2022 12:08:01 PM,1.146,29.453,49.193,77.909,70956.6,1032.613,32.608,0.031,0.031,0.029,7.907,95.881,5.512,1264.123,0,5.525,5.528
5/25/2022 12:08:02 PM,1.24,29.446,49.193,77.898,70957.9,1032.616,32.611,0.031,0.031,0.058,7.913,95.882,5.513,1050.193,0,5.525,5.528
5/25/2022 12:08:02 PM,1.466,29.445,49.195,77.9,70961.3,1032.62,32.614,0,0,0,7.907,95.746,5.506,1104.738,0,5.518,5.521
5/25/2022 12:08:02 PM,1.64,29.445,49.196,77.902,70962.1,1032.621,32.614,0.023,0.023,0,7.911,95.715,5.506,1450.101,0,5.519,5.522
5/25/2022 12:08:02 PM,1.805,29.445,49.198,77.904,70964.4,1032.623,32.615,0,0,0,7.91,95.784,5.511,1058.859,0,5.524,5.527
5/25/2022 12:08:02 PM,2.042,29.447,49.215,77.93,70985.9,1032.636,32.628,0,0,0,7.907,95.861,5.517,478.411,0,5.53,5.533
5/25/2022 12:08:03 PM,2.189,29.454,49.216,77.943,70986.8,1032.635,32.626,0,0,0,7.901,95.961,5.524,184.449,0,5.536,5.54
5/25/2022 12:08:03 PM,2.318,29.458,49.216,77.949,70986.4,1032.635,32.625,0,0,0,7.903,95.949,5.523,62.361,0,5.536,5.539
5/25/2022 12:08:03 PM,2.454,29.463,49.219,77.959,70988.8,1032.635,32.625,0,0,0,7.908,95.957,5.525,35.853,0,5.538,5.541
5/25/2022 12:08:03 PM,2.706,29.462,49.226,77.967,70998,1032.642,32.631,0,0,0,7.911,96.244,5.542,33.474,0,5.554,5.557
5/25/2022 12:08:04 PM,2.854,29.464,49.227,77.972,70999.7,1032.643,32.631,1.701,1.701,0,7.909,96.048,5.529,35.428,0,5.542,5.545
5/25/2022 12:08:04 PM,3.019,29.465,49.229,77.975,71001.6,1032.645,32.632,0.874,0.874,0,7.915,95.926,5.523,42.48,0,5.535,5.539
5/25/2022 12:08:04 PM,3.174,29.461,49.236,77.98,71011.1,1032.652,32.639,0.741,0.741,0,7.924,96.07,5.531,41.715,0,5.544,5.547
5/25/2022 12:08:04 PM,3.376,29.46,49.241,77.986,71017,1032.657,32.642,0.179,0.179,0,7.922,95.997,5.527,41.461,0,5.54,5.543
5/25/2022 12:08:04 PM,3.518,29.462,49.241,77.99,71017.9,1032.657,32.642,0,0,0,7.925,95.933,5.525,37.467,0,5.537,5.54
5/25/2022 12:08:05 PM,3.666,29.463,49.231,77.975,71004.2,1032.649,32.634,0.25,0.25,0,7.928,96.125,5.535,37.213,0,5.548,5.551
5/25/2022 12:08:05 PM,3.899,29.461,49.233,77.976,71007.7,1032.653,32.636,0.413,0.413,0,7.926,96.12,5.534,32.115,0,5.547,5.55
5/25/2022 12:08:05 PM,4.044,29.46,49.237,77.981,71013.4,1032.657,32.64,0.218,0.218,0,7.93,96.087,5.533,27.867,0,5.545,5.549
5/25/2022 12:08:05 PM,4.202,29.459,49.248,77.994,71026.5,1032.666,32.648,0.367,0.367,0.495,7.929,96.154,5.537,31.18,0,5.55,5.553
5/25/2022 12:08:05 PM,4.353,29.459,49.25,77.997,71029.6,1032.668,32.65,0.398,0.398,0.626,7.924,96.046,5.531,33.984,0,5.543,5.547
5/25/2022 12:08:06 PM,4.559,29.459,49.252,78.001,71032.7,1032.671,32.652,0.234,0.234,0.568,7.929,95.911,5.524,46.303,0,5.537,5.54
5/25/2022 12:08:06 PM,4.691,29.457,49.26,78.008,71042.6,1032.678,32.658,0,0,0,7.923,96.001,5.53,49.362,0,5.542,5.545
5/25/2022 12:08:06 PM,4.823,29.455,49.263,78.011,71046.9,1032.682,32.661,0,0,0,7.921,96.111,5.537,44.349,0,5.549,5.553
5/25/2022 12:08:06 PM,4.953,29.452,49.267,78.012,71052.1,1032.686,32.665,0,0,0,7.922,96.106,5.537,39.761,0,5.55,5.553
5/25/2022 12:08:06 PM,5.162,29.453,49.261,78.004,71043.8,1032.682,32.66,0,0,0,7.924,96.015,5.532,30.246,0,5.544,5.547
5/25/2022 12:08:07 PM,5.306,29.455,49.257,78.003,71039.7,1032.679,32.657,0.476,0.476,0,7.925,96.038,5.533,27.102,0,5.545,5.549
5/25/2022 12:08:07 PM,5.466,29.457,49.255,78.003,71037,1032.678,32.655,0,0,0,7.931,95.93,5.527,25.403,0,5.539,5.543
5/25/2022 12:08:07 PM,5.632,29.458,49.252,78,71033,1032.676,32.652,0.156,0.156,0,7.928,96.057,5.535,24.384,0,5.547,5.55
5/25/2022 12:08:07 PM,5.807,29.456,49.249,77.992,71029.2,1032.675,32.65,0.562,0.562,0,7.925,96.079,5.535,24.129,0,5.548,5.551
5/25/2022 12:08:07 PM,6.091,29.45,49.259,77.997,71042.8,1032.686,32.66,0.897,0.897,0,7.927,96.132,5.538,22.854,0,5.551,5.554
5/25/2022 12:08:08 PM,6.284,29.447,49.263,77.999,71048,1032.69,32.664,0.281,0.281,0.248,7.921,96.024,5.532,22.684,0,5.545,5.548
5/25/2022 12:08:08 PM,6.482,29.444,49.264,77.996,71050.5,1032.694,32.666,0,0,0.743,7.929,96.092,5.536,22.599,0,5.549,5.552
5/25/2022 12:08:08 PM,6.781,29.438,49.269,77.994,71057,1032.701,32.672,0.14,0.14,1.282,7.924,95.946,5.528,22.345,0,5.541,5.544
5/25/2022 12:08:08 PM,6.973,29.436,49.268,77.99,71055.4,1032.701,32.671,0.889,0.889,0,7.923,96.036,5.533,22.429,0,5.546,5.549
5/25/2022 12:08:08 PM,7.173,29.435,49.268,77.99,71056.3,1032.702,32.672,0,0,6.277,7.921,95.883,5.525,22.854,0,5.537,5.541
5/25/2022 12:08:09 PM,7.376,29.433,49.274,77.995,71064,1032.708,32.677,0.14,0.14,0.728,7.921,96.012,5.532,23.704,0,5.545,5.548
5/25/2022 12:08:09 PM,7.576,29.433,49.273,77.994,71063.1,1032.709,32.676,0,0,3.426,7.926,96.055,5.535,25.148,0,5.547,5.551
5/25/2022 12:08:09 PM,7.853,29.43,49.273,77.99,71063.6,1032.711,32.677,0.062,0.062,2.025,7.923,96.113,5.538,30.161,0,5.551,5.554
5/25/2022 12:08:09 PM,8.008,29.427,49.269,77.979,71059.1,1032.71,32.676,0.234,0.234,0.626,7.92,96.058,5.536,33.219,0,5.549,5.552
5/25/2022 12:08:10 PM,8.15,29.42,49.271,77.973,71062.6,1032.714,32.68,0.094,0.094,0.335,7.926,96.091,5.538,35.683,0,5.551,5.554
5/25/2022 12:08:10 PM,8.373,29.413,49.272,77.963,71064.5,1032.718,32.683,0.062,0.062,0,7.924,96.057,5.537,35.174,0,5.55,5.553
5/25/2022 12:08:10 PM,8.514,29.411,49.271,77.96,71064,1032.719,32.683,0.094,0.094,0,7.922,95.971,5.532,32.37,0,5.545,5.548
5/25/2022 12:08:10 PM,8.679,29.408,49.271,77.956,71064.2,1032.721,32.684,0,0,0,7.919,95.858,5.527,29.651,0,5.54,5.543
5/25/2022 12:08:10 PM,8.942,29.406,49.274,77.958,71068.3,1032.725,32.687,0.031,0.031,0,7.919,96.023,5.536,27.782,0,5.549,5.552
5/25/2022 12:08:11 PM,9.117,29.406,49.275,77.958,71069.6,1032.726,32.688,0,0,0,7.923,95.952,5.532,27.272,0,5.545,5.548
5/25/2022 12:08:11 PM,9.312,29.406,49.277,77.962,71072.8,1032.729,32.689,0,0,1.836,7.926,95.971,5.533,27.612,0,5.546,5.549
5/25/2022 12:08:11 PM,9.592,29.406,49.275,77.959,71069.9,1032.728,32.688,0,0,2.58,7.929,96.033,5.538,31.945,0,5.55,5.554
5/25/2022 12:08:11 PM,9.775,29.406,49.275,77.959,71069.8,1032.729,32.687,0.764,0.764,1.588,7.925,95.964,5.534,32.625,0,5.546,5.55
5/25/2022 12:08:11 PM,9.94,29.406,49.278,77.963,71073.5,1032.732,32.69,0.374,0.374,1.646,7.919,95.892,5.529,33.304,0,5.542,5.545
5/25/2022 12:08:12 PM,10.189,29.405,49.28,77.964,71075.9,1032.735,32.691,0,0,0.903,7.916,95.943,5.532,32.625,0,5.545,5.548
5/25/2022 12:08:12 PM,10.352,29.404,49.279,77.963,71076,1032.736,32.692,0,0,1.18,7.924,96.259,5.551,31.435,0,5.564,5.567
5/25/2022 12:08:12 PM,10.625,29.405,49.279,77.962,71074.9,1032.736,32.691,0,0,1.661,7.927,96.07,5.541,29.821,0,5.553,5.557
5/25/2022 12:08:12 PM,10.81,29.405,49.279,77.964,71076.2,1032.737,32.691,0,0,1.311,7.928,96.134,5.544,30.331,0,5.557,5.56
5/25/2022 12:08:13 PM,10.99,29.403,49.285,77.969,71083,1032.743,32.696,0,0,1.413,7.933,95.811,5.525,32.03,0,5.538,5.541
5/25/2022 12:08:13 PM,11.166,29.403,49.291,77.976,71090.5,1032.748,32.7,0.039,0.039,0.408,7.929,95.936,5.532,33.304,0,5.545,5.548
5/25/2022 12:08:13 PM,11.404,29.402,49.289,77.973,71088.2,1032.748,32.699,1.888,1.888,4.478,7.93,96.057,5.539,53.015,0,5.552,5.555
5/25/2022 12:08:13 PM,11.53,29.4,49.293,77.976,71094.2,1032.752,32.703,0.998,0.998,2.273,7.928,96.065,5.541,133.812,0,5.554,5.557
5/25/2022 12:08:13 PM,11.608,29.398,49.294,77.975,71095.7,1032.754,32.705,0.413,0.413,0.918,7.932,95.994,5.537,290.394,0,5.55,5.553
5/25/2022 12:08:14 PM,11.637,29.398,49.294,77.976,71096.1,1032.754,32.705,0.086,0.086,0.189,7.919,96.082,5.542,477.901,0,5.555,5.558
5/25/2022 12:08:14 PM,11.597,29.4,49.293,77.976,71094.6,1032.753,32.704,0.055,0.055,0.102,7.915,96.06,5.541,535.164,0,5.554,5.557
5/25/2022 12:08:14 PM,11.537,29.4,49.293,77.976,71094.1,1032.752,32.703,0.047,0.047,0.087,7.919,95.953,5.535,585.631,0,5.548,5.551
5/25/2022 12:08:14 PM,11.45,29.401,49.293,77.978,71094.3,1032.752,32.703,0.055,0.055,0.058,7.927,96.083,5.543,547.484,0,5.555,5.559
5/25/2022 12:08:14 PM,11.37,29.401,49.295,77.98,71096.4,1032.753,32.704,0.055,0.055,0.073,7.932,96.025,5.538,439.329,0,5.551,5.554
5/25/2022 12:08:15 PM,11.244,29.401,49.295,77.981,71096.1,1032.752,32.704,0.047,0.047,0.029,7.939,96.046,5.539,399.738,0,5.552,5.555
5/25/2022 12:08:15 PM,11.124,29.402,49.296,77.982,71097,1032.752,32.705,0.047,0.047,0.029,7.937,95.99,5.536,383.171,0,5.549,5.552
5/25/2022 12:08:15 PM,10.999,29.401,49.294,77.978,71094.5,1032.75,32.703,0.07,0.07,0.029,7.941,96.009,5.537,395.49,0,5.55,5.553
5/25/2022 12:08:15 PM,10.947,29.401,49.295,77.979,71096.3,1032.751,32.705,0.055,0.055,0,7.949,96.063,5.54,430.408,0,5.552,5.556
5/25/2022 12:08:15 PM,10.862,29.4,49.299,77.984,71101.1,1032.754,32.708,0.039,0.039,0.015,7.947,96.174,5.546,459.21,0,5.559,5.562
5/25/2022 12:08:16 PM,10.759,29.401,49.298,77.984,71100.4,1032.753,32.707,0.039,0.039,0.029,7.946,96.162,5.546,467.706,0,5.559,5.562
5/25/2022 12:08:16 PM,10.611,29.4,49.299,77.983,71100.5,1032.753,32.707,0.039,0.039,0.044,7.938,95.928,5.533,482.489,0,5.545,5.549
5/25/2022 12:08:16 PM,10.519,29.4,49.299,77.985,71101.6,1032.753,32.708,0.039,0.039,0.044,7.94,95.934,5.533,477.476,0,5.546,5.549
5/25/2022 12:08:16 PM,10.41,29.4,49.302,77.988,71105.1,1032.755,32.71,0.047,0.047,0.029,7.934,95.954,5.535,457.596,0,5.547,5.551
5/25/2022 12:08:17 PM,10.213,29.4,49.304,77.99,71106.6,1032.755,32.711,0.039,0.039,0.029,7.936,96.127,5.546,472.973,0,5.558,5.562
5/25/2022 12:08:17 PM,10.09,29.401,49.302,77.989,71104.6,1032.753,32.71,0.031,0.031,0.058,7.936,96.109,5.544,489.456,0,5.557,5.56
5/25/2022 12:08:17 PM,9.985,29.4,49.306,77.993,71110,1032.756,32.713,0.031,0.031,0.029,7.941,95.921,5.533,522.335,0,5.546,5.549
5/25/2022 12:08:17 PM,9.836,29.402,49.306,77.995,71108.8,1032.754,32.712,0.031,0.031,0.015,7.947,95.916,5.532,487.502,0,5.545,5.548
5/25/2022 12:08:17 PM,9.736,29.402,49.307,77.997,71110.3,1032.754,32.713,0.047,0.047,0.044,7.958,95.951,5.533,404.071,0,5.546,5.549
5/25/2022 12:08:18 PM,9.603,29.402,49.308,77.998,71111.2,1032.755,32.714,0.039,0.039,0.015,7.956,96.23,5.549,384.19,0,5.562,5.565
5/25/2022 12:08:18 PM,9.465,29.403,49.309,78.001,71113,1032.755,32.715,0.023,0.023,0.015,7.961,96.068,5.54,502.115,0,5.552,5.556
5/25/2022 12:08:18 PM,9.345,29.401,49.31,78,71114.6,1032.756,32.716,0.039,0.039,0,7.955,96.047,5.539,536.269,0,5.552,5.555
5/25/2022 12:08:18 PM,9.333,29.401,49.313,78.004,71117.7,1032.758,32.718,0.023,0.023,0.029,7.944,95.974,5.535,639.92,0,5.548,5.551
5/25/2022 12:08:18 PM,9.328,29.401,49.317,78.008,71122.3,1032.76,32.721,0.031,0.031,0.029,7.948,96.021,5.538,711.372,0,5.55,5.554
5/25/2022 12:08:19 PM,9.274,29.4,49.316,78.007,71121.7,1032.76,32.721,0.078,0.078,0.102,7.959,95.918,5.532,485.718,0,5.545,5.548
5/25/2022 12:08:19 PM,9.147,29.402,49.315,78.008,71120.5,1032.758,32.719,0.055,0.055,0.058,7.96,96.013,5.538,466.517,0,5.551,5.554
5/25/2022 12:08:19 PM,8.975,29.402,49.32,78.015,71126.5,1032.761,32.723,0.039,0.039,0.015,7.966,95.915,5.532,551.222,0,5.545,5.548
5/25/2022 12:08:19 PM,8.827,29.402,49.324,78.019,71131.5,1032.764,32.726,0.039,0.039,0.029,7.961,96.018,5.539,566.515,0,5.552,5.555
5/25/2022 12:08:19 PM,8.637,29.402,49.321,78.015,71127.3,1032.761,32.724,0.039,0.039,0.015,7.957,96.131,5.545,435.336,0,5.558,5.561
5/25/2022 12:08:20 PM,8.523,29.402,49.323,78.017,71129.5,1032.761,32.725,0.039,0.039,0.015,7.95,96.108,5.544,477.561,0,5.557,5.56
5/25/2022 12:08:20 PM,8.42,29.402,49.323,78.017,71129.5,1032.761,32.725,0.016,0.016,0,7.948,95.938,5.534,577.135,0,5.546,5.55
5/25/2022 12:08:20 PM,8.309,29.401,49.324,78.018,71130.7,1032.761,32.726,0.031,0.031,0.015,7.953,95.996,5.536,643.574,0,5.549,5.552
5/25/2022 12:08:20 PM,8.166,29.402,49.323,78.019,71130.1,1032.76,32.726,0.039,0.039,0.044,7.959,95.922,5.532,569.318,0,5.545,5.548
5/25/2022 12:08:21 PM,8.103,29.402,49.322,78.017,71128.5,1032.759,32.725,0.047,0.047,0.073,7.959,95.96,5.534,506.618,0,5.547,5.55
5/25/2022 12:08:21 PM,8.067,29.402,49.33,78.028,71138.4,1032.765,32.731,0.031,0.031,0.029,7.962,95.996,5.536,481.385,0,5.549,5.552
5/25/2022 12:08:21 PM,8.002,29.402,49.331,78.029,71140.2,1032.766,32.732,0.023,0.023,0.015,7.961,95.958,5.534,452.413,0,5.547,5.55
5/25/2022 12:08:21 PM,7.877,29.402,49.33,78.027,71138.2,1032.764,32.731,0.023,0.023,0.015,7.966,96.015,5.538,437.375,0,5.551,5.554
5/25/2022 12:08:21 PM,7.646,29.402,49.332,78.03,71140.8,1032.765,32.732,0.039,0.039,0.015,7.96,95.965,5.536,448.25,0,5.548,5.552
5/25/2022 12:08:22 PM,7.495,29.403,49.334,78.033,71142.8,1032.765,32.733,0.023,0.023,0,7.961,96.126,5.544,489.881,0,5.557,5.56
5/25/2022 12:08:22 PM,7.366,29.403,49.334,78.034,71142.5,1032.764,32.733,0.023,0.023,0,7.96,96.083,5.542,539.497,0,5.555,5.558
5/25/2022 12:08:22 PM,7.272,29.403,49.333,78.032,71141.1,1032.763,32.732,0.031,0.031,0,7.952,96.131,5.545,576.455,0,5.558,5.561
5/25/2022 12:08:22 PM,7.173,29.404,49.333,78.035,71141.8,1032.763,32.732,0.039,0.039,0.058,7.952,96.098,5.543,578.324,0,5.556,5.559
5/25/2022 12:08:22 PM,7.124,29.405,49.332,78.034,71139.9,1032.761,32.731,0.039,0.039,0.058,7.956,95.925,5.532,536.184,0,5.545,5.548
5/25/2022 12:08:23 PM,7.075,29.405,49.333,78.036,71141.7,1032.762,32.732,0.047,0.047,0.058,7.959,95.863,5.529,494.468,0,5.542,5.545
5/25/2022 12:08:23 PM,6.999,29.405,49.333,78.036,71141.5,1032.762,32.732,0.031,0.031,0.029,7.956,96.061,5.541,466.771,0,5.554,5.557
5/25/2022 12:08:23 PM,6.79,29.406,49.335,78.04,71144.1,1032.762,32.733,0.039,0.039,0,7.96,96.042,5.54,442.728,0,5.553,5.556
5/25/2022 12:08:23 PM,6.63,29.406,49.334,78.039,71142.2,1032.76,32.732,0.031,0.031,0.015,7.956,95.999,5.538,489.286,0,5.551,5.554
5/25/2022 12:08:23 PM,6.467,29.409,49.334,78.043,71141.9,1032.759,32.731,0.016,0.016,0.015,7.955,96.196,5.549,506.363,0,5.562,5.566
5/25/2022 12:08:24 PM,6.232,29.414,49.335,78.051,71141.9,1032.756,32.73,0.031,0.031,0,7.963,96.115,5.544,553.431,0,5.557,5.56
5/25/2022 12:08:24 PM,6.11,29.415,49.333,78.05,71139.5,1032.754,32.728,0.023,0.023,0.029,7.958,96.203,5.549,638.136,0,5.562,5.565
5/25/2022 12:08:24 PM,6.035,29.417,49.335,78.055,71141.6,1032.755,32.729,0.031,0.031,0.015,7.96,96.025,5.539,668.382,0,5.552,5.555
5/25/2022 12:08:24 PM,6.004,29.42,49.334,78.058,71140.7,1032.753,32.728,0.047,0.047,0.058,7.964,96.115,5.544,621.314,0,5.557,5.56
5/25/2022 12:08:24 PM,5.999,29.428,49.327,78.06,71130.5,1032.745,32.719,0.047,0.047,0.044,7.972,96.149,5.546,508.657,0,5.559,5.562
5/25/2022 12:08:25 PM,5.994,29.427,49.331,78.064,71135.1,1032.748,32.722,0.039,0.039,0.058,7.968,96.042,5.54,477.137,0,5.553,5.556
5/25/2022 12:08:25 PM,5.982,29.429,49.336,78.073,71142,1032.751,32.726,0.023,0.023,0,7.966,96.012,5.539,572.377,0,5.552,5.555
5/25/2022 12:08:25 PM,5.955,29.429,49.339,78.077,71145.1,1032.753,32.728,0.031,0.031,0.044,7.968,95.944,5.535,631.594,0,5.548,5.551
5/25/2022 12:08:25 PM,5.921,29.431,49.337,78.077,71142.3,1032.751,32.726,0.023,0.023,0.044,7.968,96.053,5.541,630.83,0,5.553,5.557
5/25/2022 12:08:25 PM,5.778,29.436,49.331,78.076,71134.4,1032.744,32.719,0.023,0.023,0.044,7.972,96.072,5.542,639.665,0,5.555,5.558
5/25/2022 12:08:26 PM,5.644,29.438,49.332,78.081,71135.4,1032.743,32.719,0.023,0.023,0.015,7.975,96.175,5.548,641.45,0,5.561,5.564
5/25/2022 12:08:26 PM,5.423,29.44,49.332,78.083,71134.6,1032.741,32.718,0.039,0.039,0.029,7.975,95.979,5.536,610.524,0,5.549,5.552
5/25/2022 12:08:26 PM,5.288,29.441,49.333,78.086,71136.1,1032.742,32.719,0.031,0.031,0.044,7.974,95.93,5.533,571.612,0,5.546,5.549
5/25/2022 12:08:26 PM,5.171,29.441,49.332,78.084,71134.3,1032.74,32.718,0.031,0.031,0.029,7.973,96.115,5.544,546.889,0,5.556,5.56
5/25/2022 12:08:27 PM,5.105,29.441,49.332,78.084,71134.3,1032.74,32.718,0.016,0.016,0.029,7.975,96.086,5.542,594.976,0,5.555,5.558
5/25/2022 12:08:27 PM,5.086,29.44,49.331,78.083,71134.2,1032.74,32.718,0.016,0.016,0,7.975,96.233,5.551,695.994,0,5.563,5.567
5/25/2022 12:08:27 PM,5.105,29.439,49.335,78.086,71138.2,1032.743,32.721,0.023,0.023,0,7.973,96.197,5.548,845.949,0,5.561,5.564
5/25/2022 12:08:27 PM,5.107,29.439,49.334,78.085,71137.9,1032.742,32.721,0.055,0.055,0.044,7.969,96.166,5.547,879.168,0,5.56,5.563
5/25/2022 12:08:27 PM,5.063,29.441,49.332,78.085,71134.2,1032.739,32.718,0.062,0.062,0.073,7.968,95.939,5.534,783.503,0,5.547,5.55
5/25/2022 12:08:28 PM,4.915,29.442,49.331,78.084,71133.2,1032.738,32.717,0.023,0.023,0.073,7.975,95.973,5.536,759.629,0,5.549,5.552
5/25/2022 12:08:28 PM,4.797,29.441,49.334,78.086,71136.5,1032.74,32.72,0.031,0.031,0.044,7.983,96.223,5.551,703.64,0,5.563,5.567
5/25/2022 12:08:28 PM,4.618,29.439,49.337,78.089,71141.1,1032.743,32.723,0.023,0.023,0.015,7.981,96.048,5.541,639.241,0,5.554,5.557
5/25/2022 12:08:28 PM,4.434,29.438,49.334,78.083,71137.3,1032.74,32.721,0.016,0.016,0,7.981,96.001,5.537,708.483,0,5.55,5.553
5/25/2022 12:08:28 PM,4.225,29.436,49.337,78.084,71140.6,1032.741,32.723,0.023,0.023,0,7.976,96.054,5.542,822.16,0,5.554,5.558
5/25/2022 12:08:29 PM,3.952,29.437,49.337,78.085,71140.5,1032.74,32.723,0.023,0.023,0,7.979,96.185,5.549,733.377,0,5.562,5.565
5/25/2022 12:08:29 PM,3.799,29.438,49.338,78.088,71142.2,1032.74,32.724,0.008,0.008,0,7.982,96.078,5.543,855.294,0,5.556,5.559
5/25/2022 12:08:29 PM,3.694,29.44,49.339,78.091,71142.8,1032.74,32.724,0.016,0.016,0,7.983,96.125,5.545,916.551,0,5.558,5.561
5/25/2022 12:08:29 PM,3.562,29.444,49.339,78.098,71142.3,1032.738,32.722,0.023,0.023,0,7.983,96.026,5.539,939.235,0,5.552,5.555
5/25/2022 12:08:29 PM,3.468,29.446,49.338,78.098,71140.3,1032.736,32.721,0.086,0.086,0.102,7.985,96.207,5.551,828.532,0,5.564,5.567
5/25/2022 12:08:30 PM,3.376,29.446,49.339,78.101,71142,1032.736,32.722,0.062,0.062,0.116,7.983,95.978,5.538,706.359,0,5.551,5.554
5/25/2022 12:08:30 PM,3.247,29.447,49.339,78.102,71142,1032.735,32.722,0.008,0.008,0,7.985,96.029,5.54,843.4,0,5.553,5.556
5/25/2022 12:08:30 PM,3.183,29.447,49.34,78.103,71143,1032.736,32.722,0.016,0.016,0,7.987,96.036,5.54,925.387,0,5.553,5.556
5/25/2022 12:08:30 PM,3.087,29.448,49.341,78.106,71144.1,1032.736,32.723,0.031,0.031,0.073,7.985,96.166,5.548,996.158,0,5.561,5.564
5/25/2022 12:08:30 PM,2.966,29.448,49.341,78.106,71144.1,1032.735,32.723,0.062,0.062,0.058,7.987,96.046,5.541,939.575,0,5.554,5.557
5/25/2022 12:08:31 PM,2.733,29.448,49.346,78.112,71150.5,1032.738,32.727,0.039,0.039,0.058,7.994,96.071,5.543,1085.622,0,5.556,5.559
5/25/2022 12:08:31 PM,2.613,29.447,49.345,78.111,71149.4,1032.737,32.726,0.031,0.031,0.073,7.99,95.992,5.538,901.683,0,5.55,5.554
5/25/2022 12:08:31 PM,2.548,29.448,49.344,78.11,71147.9,1032.736,32.725,0,0,0,7.993,96.077,5.543,834.904,0,5.556,5.559
5/25/2022 12:08:31 PM,2.534,29.448,49.344,78.11,71148.2,1032.736,32.725,0,0,0,7.991,96.288,5.556,1096.836,0,5.569,5.572
5/25/2022 12:08:32 PM,2.531,29.453,49.342,78.114,71144.1,1032.732,32.721,0.094,0.094,0.146,7.986,96.124,5.546,986.048,0,5.559,5.562
5/25/2022 12:08:32 PM,2.477,29.456,49.337,78.112,71138.1,1032.728,32.717,0.062,0.062,0.044,7.994,96.049,5.542,769.909,0,5.555,5.558
5/25/2022 12:08:32 PM,2.397,29.456,49.338,78.114,71138.9,1032.728,32.717,0.016,0.016,0,8.002,96.246,5.554,862.686,0,5.567,5.57
5/25/2022 12:08:32 PM,2.253,29.457,49.337,78.113,71137.9,1032.726,32.717,0.008,0.008,0,7.997,96.125,5.547,872.202,0,5.56,5.563
5/25/2022 12:08:32 PM,2.126,29.457,49.337,78.112,71137.3,1032.725,32.716,0,0,0,7.998,96.214,5.552,924.027,0,5.564,5.568
5/25/2022 12:08:33 PM,1.953,29.457,49.339,78.116,71140,1032.726,32.718,0.031,0.031,0.073,7.998,96.075,5.543,1088.425,0,5.556,5.559
5/25/2022 12:08:33 PM,1.736,29.457,49.338,78.114,71137.9,1032.724,32.717,0.062,0.062,0.102,7.993,96.21,5.552,1454.774,0,5.565,5.568
5/25/2022 12:08:33 PM,1.409,29.459,49.334,78.111,71133.3,1032.72,32.714,0.047,0.047,0.044,8.006,96.222,5.553,1170.752,0,5.566,5.569
5/25/2022 12:08:33 PM,1.237,29.46,49.334,78.112,71132.7,1032.718,32.713,0,0,0,7.997,96.224,5.553,1024.96,0,5.565,5.569
5/25/2022 12:08:33 PM,1.117,29.461,49.331,78.109,71128.5,1032.715,32.71,0,0,0,7.994,96.001,5.54,784.523,0,5.553,5.556
5/25/2022 12:08:34 PM,1.037,29.46,49.33,78.107,71128.2,1032.715,32.71,0.062,0.062,0.029,7.988,96.2,5.551,930.994,0,5.564,5.567
5/25/2022 12:08:34 PM,0.964,29.46,49.329,78.105,71126.5,1032.713,32.709,0,0,0,7.992,96.137,5.548,860.477,0,5.561,5.564
5/25/2022 12:08:34 PM,0.927,29.461,49.329,78.107,71126.8,1032.713,32.709,0.047,0.047,0.015,7.995,96.179,5.55,1656.129,0,5.563,5.566
5/25/2022 12:08:34 PM,0.889,29.461,49.33,78.107,71127.4,1032.713,32.71,0.016,0.016,0.015,7.995,96.189,5.551,1291.99,0,5.564,5.567
5/25/2022 12:08:34 PM,0.839,29.461,49.33,78.108,71128,1032.714,32.71,0,0,0,7.995,96.134,5.547,1068.375,0,5.56,5.563
5/25/2022 12:08:35 PM,0.786,29.46,49.33,78.107,71127.4,1032.713,32.71,0.156,0.156,0.073,7.992,96.121,5.547,1430.05,0,5.56,5.563
5/25/2022 12:08:35 PM,0.745,29.458,49.33,78.103,71127.6,1032.714,32.711,0.172,0.172,0.32,7.995,95.961,5.537,1014.765,0,5.55,5.553
5/25/2022 12:08:35 PM,0.651,29.457,49.327,78.099,71124.6,1032.712,32.709,0.055,0.055,0.087,7.995,96.205,5.552,1215.866,0,5.565,5.568
5/25/2022 12:08:35 PM,0.418,29.455,49.329,78.098,71126.7,1032.713,32.711,0,0,0,7.993,96.17,5.55,1191.482,0,5.563,5.566
5/25/2022 12:08:36 PM,0.277,29.455,49.326,78.094,71123.4,1032.71,32.709,0.031,0.031,0,7.988,96.151,5.549,1540.583,0,5.562,5.565
5/25/2022 12:08:36 PM,0.209,29.455,49.322,78.089,71118.4,1032.707,32.706,0.055,0.055,0.058,7.99,96.288,5.557,1384.682,0,5.57,5.573
5/25/2022 12:08:36 PM,0.199,29.453,49.318,78.081,71113.7,1032.705,32.704,0,0,0,7.997,96.072,5.545,1340.077,0,5.558,5.561
5/25/2022 12:08:36 PM,0.202,29.453,49.32,78.082,71115.5,1032.706,32.705,0.016,0.016,0.015,7.997,96.332,5.56,1226.825,0,5.573,5.576
5/25/2022 12:08:36 PM,0.197,29.453,49.317,78.079,71111.9,1032.703,32.703,0.039,0.039,0.058,7.995,96.125,5.548,1289.101,0,5.561,5.564
5/25/2022 12:08:37 PM,0.169,29.453,49.316,78.077,71110.4,1032.702,32.702,0.031,0.031,0.087,7.999,96.286,5.558,1118.331,0,5.57,5.574
5/25/2022 12:08:37 PM,0.07,29.454,49.309,78.07,71101.9,1032.697,32.696,0.047,0.047,0.058,7.999,96.099,5.547,1424.188,0,5.56,5.563
5/25/2022 12:08:37 PM,0,29.454,49.309,78.069,71101.8,1032.696,32.696,0.07,0.07,0.044,7.994,96.097,5.547,1676.35,0,5.56,5.563
5/25/2022 12:08:37 PM,0,29.453,49.309,78.067,71102.1,1032.696,32.697,0,0,0,8.004,96.002,5.542,1624.524,0,5.554,5.558
5/25/2022 12:08:37 PM,0,29.453,49.304,78.061,71095.5,1032.692,32.693,0,0,0,8.005,96.293,5.559,1730.894,0,5.572,5.575
5/25/2022 12:08:38 PM,0,29.453,49.299,78.053,71088.6,1032.687,32.689,0,0,0,7.996,96.122,5.549,1766.068,0,5.562,5.565
5/25/2022 12:08:38 PM,0,29.46,8.139,15.357,13985,1001.876,1.878,93.726,93.726,0,7.995,96.29,6.973,2003.956,0,6.993,6.993
5/25/2022 12:08:38 PM,0,29.498,1.641,3.441,3131.3,997.026,0,73.92,73.92,130.024,7.994,96.259,7.223,2050.26,0,7.244,7.244
5/25/2022 12:08:38 PM,0,29.702,1.022,2.205,1998.1,996.502,0,174.479,174.479,0,7.991,96.239,7.244,1839.643,0,7.265,7.265
5/25/2022 12:08:38 PM,0,29.784,0.87,1.893,1712.9,996.364,0,150.086,150.086,0,7.983,96.432,7.263,2042.868,0,7.284,7.284
5/25/2022 12:08:39 PM,0,29.864,0.838,1.83,1653.2,996.316,0,345.737,345.737,0,7.98,96.394,7.259,2105.314,0,7.28,7.28
5/25/2022 12:08:39 PM,0,29.932,0.878,1.916,1728.7,996.325,0,91.113,91.113,0,7.974,96.016,7.227,2129.188,0,7.248,7.248
5/25/2022 12:08:39 PM,0,30.122,0.748,1.65,1483.2,996.171,0,118.727,118.727,0,7.973,96.626,7.275,2122.646,0,7.296,7.296
5/25/2022 12:08:39 PM,0,30.207,0.682,1.513,1357.9,996.095,0,0,0,0,7.972,96.438,7.262,2111.176,0,7.283,7.283
5/25/2022 12:08:39 PM,0,30.056,0.625,1.387,1248.1,996.098,0,0,0,0,7.968,96.188,7.243,2138.873,0,7.264,7.264
5/25/2022 12:08:40 PM,0,29.997,0.593,1.317,1186.2,996.092,0,0,0,0,7.964,96.408,7.259,2128.678,0,7.28,7.28
5/25/2022 12:08:40 PM,0,30.016,0.525,1.173,1056,996.036,0,20.071,20.071,0,7.966,96.367,7.256,2107.438,0,7.277,7.277
5/25/2022 12:08:40 PM,0,29.855,0.486,1.084,979,996.055,0,184.246,184.246,0,7.964,96.424,7.26,2084.839,0,7.281,7.281
5/25/2022 12:08:40 PM,0,29.594,0.463,1.029,934.6,996.116,0,167.537,167.537,0,7.966,95.946,7.223,2057.736,0,7.244,7.244
5/25/2022 12:08:41 PM,0,29.168,0.448,0.991,907.4,996.232,0,216.042,216.042,0,7.965,95.48,7.187,2057.821,0,7.208,7.208
5/25/2022 12:08:41 PM,0,28.833,0.441,0.968,893.1,996.325,0,96.643,96.643,196.949,7.968,95.025,7.152,2049.58,0,7.173,7.173
5/25/2022 12:08:41 PM,0,28.686,0.448,0.979,906,996.372,0,18.839,18.839,0,7.957,94.993,7.149,2059.266,0,7.17,7.17
5/25/2022 12:08:41 PM,0,28.659,0.44,0.963,891,996.374,0,11.693,11.693,0,7.95,95.357,7.177,2081.695,0,7.197,7.197
5/25/2022 12:08:41 PM,0,29.449,0.411,0.914,832.7,996.12,0,65.136,65.136,0,7.947,95.574,7.194,2064.278,0,7.215,7.215
5/25/2022 12:08:42 PM,0,29.923,0.381,0.858,774.4,995.956,0,0,0,0,7.949,95.809,7.214,2077.787,0,7.235,7.235
5/25/2022 12:08:42 PM,0,30.415,0.36,0.82,732.5,995.791,0,0,0,0,7.947,95.902,7.222,2027.321,0,7.242,7.242
5/25/2022 12:08:42 PM,0,30.837,0.333,0.766,678.6,995.641,0,7.106,7.106,0,7.944,95.914,7.224,1662.331,0,7.245,7.245
5/25/2022 12:08:42 PM,0,30.767,0.323,0.741,658,995.655,0,0,0,23.83,7.944,95.423,7.186,1855.361,0,7.207,7.207
5/25/2022 12:08:42 PM,0,30.651,0.324,0.743,660.7,995.691,0,8.698,8.698,0,7.945,95.172,7.167,1897.926,0,7.187,7.187
5/25/2022 12:08:43 PM,0,30.411,0.314,0.717,640.9,995.757,0,22.88,22.88,0,7.943,94.735,7.133,1985.095,0,7.153,7.153
5/25/2022 12:08:43 PM,0,30.195,0.305,0.695,623.6,995.817,0,0,0,17.346,7.939,94.628,7.124,1984.076,0,7.144,7.144
5/25/2022 12:08:43 PM,0,30.023,0.301,0.682,614.2,995.865,0,15.282,15.282,0,7.936,94.635,7.123,2001.832,0,7.144,7.144
5/25/2022 12:08:43 PM,0,29.865,0.294,0.665,601.1,995.908,0,0,0,0,7.934,94.613,7.122,1999.793,0,7.142,7.142
5/25/2022 12:08:43 PM,0,29.56,0.287,0.647,588.3,995.995,0,35.61,35.61,0,7.936,94.489,7.112,2025.027,0,7.133,7.133
5/25/2022 12:08:44 PM,0,29.397,0.284,0.638,581.6,996.041,0,0,0,0,7.932,94.653,7.124,2039.555,0,7.145,7.145
5/25/2022 12:08:44 PM,0,29.255,0.28,0.626,572.6,996.079,0,73.639,73.639,0,7.931,94.485,7.112,2081.185,0,7.132,7.132
5/25/2022 12:08:44 PM,0,29.087,0.276,0.616,564.8,996.126,0,16.889,16.889,0,7.928,94.471,7.111,1871.504,0,7.132,7.132
5/25/2022 12:08:44 PM,0,29.347,0.279,0.627,572.1,996.052,0,0,0,0,7.927,95.434,7.184,2044.567,0,7.205,7.205
5/25/2022 12:08:45 PM,0,29.614,0.283,0.638,579.5,995.975,0,25.017,25.017,0,7.926,95.193,7.166,2022.563,0,7.187,7.187
5/25/2022 12:08:45 PM,0,29.656,0.289,0.653,592.2,995.968,0,15.383,15.383,13.586,7.923,95.345,7.179,2004.041,0,7.2,7.2
5/25/2022 12:08:45 PM,0,30.364,0.274,0.627,560.9,995.742,0,4.509,4.509,10.983,7.923,95.355,7.181,2063.344,0,7.202,7.202
5/25/2022 12:08:45 PM,0,30.16,0.374,0.846,759.5,995.878,0,12.458,12.458,0,7.925,94.886,7.142,1856.126,0,7.163,7.163
5/25/2022 12:08:45 PM,0,29.859,0.362,0.815,735.9,995.961,0,0,0,0,7.924,94.529,7.116,1431.495,0,7.136,7.136
5/25/2022 12:08:46 PM,0,29.724,0.373,0.838,759.2,996.01,0,0,0,0,7.923,94.98,7.149,570.253,0,7.17,7.17
5/25/2022 12:08:46 PM,0,29.738,0.388,0.871,788.9,996.017,0,0,0,0,7.92,33.338,2.509,242.816,0,2.516,2.516
5/25/2022 12:08:46 PM,0,29.746,0.42,0.939,850.3,996.038,0,0,0,0,7.902,76.742,5.774,268.984,0,5.791,5.791
5/25/2022 12:08:46 PM,0,29.669,0.409,0.914,829.2,996.053,0,0,0,0,7.891,92.513,6.96,840.426,0,6.981,6.981
5/25/2022 12:08:46 PM,0,29.37,0.4,0.891,812.6,996.136,0,0,0,0,7.882,95.393,7.176,1403.033,0,7.197,7.197
5/25/2022 12:08:47 PM,0,29.113,0.373,0.828,759,996.192,0,0,0,0,7.886,95.731,7.202,1604.304,0,7.223,7.223
5/25/2022 12:08:47 PM,0,29.015,0.357,0.793,728.4,996.209,0,0,0,0,7.886,95.878,7.214,1732.933,0,7.235,7.235
5/25/2022 12:08:47 PM,0,28.985,0.346,0.767,705,996.208,0,0,0,1.763,7.871,95.937,7.219,1838.029,0,7.24,7.24
5/25/2022 12:08:47 PM,0,28.969,0.33,0.732,672.8,996.201,0,0,0,0,7.885,96.451,7.258,1892.489,0,7.278,7.279
5/25/2022 12:08:47 PM,0,30.495,1.528,3.277,2923.8,996.638,0,0,0,0,7.971,97.47,7.267,1876.601,0,7.288,7.288
5/25/2022 12:08:48 PM,0,31.378,1.473,3.219,2823.3,996.323,0,0,0,0.233,8.11,97.642,7.255,1846.44,0,7.276,7.276
5/25/2022 12:08:48 PM,0,31.593,1.491,3.27,2855.7,996.268,0,0.39,0.39,5.779,8.203,97.896,7.249,1006.694,0,7.27,7.27
5/25/2022 12:08:48 PM,0,31.67,1.413,3.111,2712.6,996.185,0,2.098,2.098,10.308,8.261,97.547,7.201,349.186,0,7.222,7.222
5/25/2022 12:08:48 PM,0,31.656,1.423,3.131,2730.9,996.197,0,0.889,0.889,8.327,8.282,97.252,7.167,335.253,0,7.188,7.188
5/25/2022 12:08:48 PM,0,31.65,1.379,3.038,2650.5,996.166,0,1.162,1.162,7.917,8.295,97.043,7.146,380.367,0,7.166,7.166
5/25/2022 12:08:49 PM,0,31.657,1.328,2.933,2558,996.126,0,1.685,1.685,9.075,8.31,96.864,7.126,1631.576,0,7.147,7.147
5/25/2022 12:08:49 PM,0,31.655,1.318,2.912,2539.8,996.119,0,2.075,2.075,9.926,8.32,96.702,7.111,1724.013,0,7.131,7.131
5/25/2022 12:08:49 PM,0,31.661,1.302,2.88,2511.7,996.106,0,1.794,1.794,9.501,8.324,96.597,7.101,1085.622,0,7.121,7.121
5/25/2022 12:08:49 PM,0,31.663,1.288,2.85,2485.6,996.095,0,1.849,1.849,10,8.333,96.335,7.08,493.364,0,7.1,7.1
5/25/2022 12:08:50 PM,0,31.66,1.253,2.776,2421.1,996.069,0,1.63,1.63,10.278,8.338,96.246,7.072,390.052,0,7.093,7.093
5/25/2022 12:08:50 PM,0,31.653,1.288,2.85,2485.9,996.098,0,1.482,1.482,9.574,8.342,96.259,7.071,1391.308,0,7.091,7.091
5/25/2022 12:08:50 PM,0,31.653,1.245,2.758,2405.7,996.065,0,1.747,1.747,10.264,8.349,96.164,7.064,1797.248,0,7.084,7.084
5/25/2022 12:08:50 PM,0,31.655,1.274,2.82,2459.6,996.086,0,1.771,1.771,10.132,8.352,96.129,7.06,1832.762,0,7.08,7.08
5/25/2022 12:08:50 PM,0,31.668,1.231,2.731,2381.3,996.051,0,1.576,1.576,10.088,8.349,96.15,7.062,1851.198,0,7.083,7.083
5/25/2022 12:08:51 PM,0,31.669,1.243,2.754,2402,996.059,0,1.802,1.802,9.867,8.346,96.117,7.059,1885.012,0,7.079,7.079
5/25/2022 12:08:51 PM,0,31.673,1.24,2.748,2396.5,996.055,0,1.708,1.708,10.264,8.361,96.039,7.052,1974.39,0,7.072,7.072
5/25/2022 12:08:51 PM,0,31.679,1.227,2.722,2372.9,996.044,0,1.677,1.677,10.117,8.36,96.121,7.058,2008.374,0,7.078,7.078
5/25/2022 12:08:51 PM,0,31.683,1.241,2.752,2399.5,996.053,0,1.896,1.896,9.574,8.353,96.118,7.056,2019.589,0,7.077,7.077
5/25/2022 12:08:51 PM,0,31.683,1.229,2.726,2376.8,996.044,0,1.989,1.989,9.119,8.349,96.009,7.048,2023.073,0,7.069,7.069
5/25/2022 12:08:52 PM,0,31.678,1.246,2.762,2408.3,996.059,0,1.747,1.747,10.117,8.349,96.012,7.048,2020.184,0,7.068,7.068
5/25/2022 12:08:52 PM,0,31.676,1.232,2.733,2382.6,996.049,0,1.802,1.802,9.647,8.346,96.002,7.047,2022.308,0,7.067,7.067
5/25/2022 12:08:52 PM,0,31.677,1.256,2.783,2426.6,996.066,0,1.903,1.903,9.413,8.346,95.84,7.034,2022.563,0,7.054,7.054
5/25/2022 12:08:52 PM,0,31.668,1.245,2.76,2406.7,996.061,0,1.755,1.755,10.411,8.354,95.943,7.042,2020.269,0,7.062,7.062
5/25/2022 12:08:52 PM,0,31.665,1.271,2.814,2454.3,996.081,0,2.028,2.028,10.249,8.35,96.161,7.057,2012.537,0,7.077,7.077
5/25/2022 12:08:53 PM,0,31.655,1.264,2.8,2442,996.079,0,1.974,1.974,9.09,8.352,95.95,7.041,2016.785,0,7.062,7.061
5/25/2022 12:08:53 PM,0,31.648,1.275,2.822,2461.8,996.09,0,1.833,1.833,9.192,8.352,95.977,7.043,2023.837,0,7.063,7.063
5/25/2022 12:08:53 PM,0,31.635,1.275,2.82,2460.7,996.093,0,1.747,1.747,9.383,8.351,96.104,7.053,2031.059,0,7.073,7.073
5/25/2022 12:08:53 PM,0,31.63,1.261,2.791,2435.7,996.085,0,2.153,2.153,9.97,8.352,96.008,7.046,2033.693,0,7.067,7.066
5/25/2022 12:08:54 PM,0,31.626,1.24,2.747,2397.6,996.071,0,1.958,1.958,10.249,8.355,96.017,7.049,2034.542,0,7.069,7.069
5/25/2022 12:08:54 PM,0,31.621,1.236,2.739,2390.5,996.069,0,1.693,1.693,9.486,8.354,95.962,7.045,2037.006,0,7.065,7.065
5/25/2022 12:08:54 PM,0,31.616,1.214,2.691,2349.4,996.054,0,1.669,1.669,9.471,8.347,96.071,7.054,2040.319,0,7.075,7.075
5/25/2022 12:08:54 PM,0,31.617,1.223,2.711,2366.3,996.061,0,1.981,1.981,9.677,8.347,96.095,7.056,2042.358,0,7.076,7.076
5/25/2022 12:08:54 PM,0,31.618,1.205,2.673,2333.6,996.047,0,2.223,2.223,9.662,8.353,96.056,7.054,2038.62,0,7.074,7.074
5/25/2022 12:08:55 PM,0,31.617,1.211,2.684,2343.4,996.051,0,2.2,2.2,9.706,8.352,96.165,7.062,2034.967,0,7.082,7.082
5/25/2022 12:08:55 PM,0,31.616,1.191,2.642,2306.6,996.037,0,1.989,1.989,9.031,8.351,96.063,7.055,2031.484,0,7.076,7.076
5/25/2022 12:08:55 PM,0,31.613,1.201,2.663,2325,996.045,0,1.654,1.654,9.677,8.345,96.074,7.056,2029.275,0,7.076,7.076
5/25/2022 12:08:55 PM,0,31.61,1.184,2.627,2293.8,996.034,0,1.849,1.849,11.057,8.341,96.039,7.054,2028.255,0,7.074,7.074
5/25/2022 12:08:55 PM,0,31.603,1.19,2.641,2306,996.041,0,1.708,1.708,10.323,8.337,96.025,7.054,2026.896,0,7.074,7.074
5/25/2022 12:08:56 PM,0,31.602,1.192,2.645,2309.3,996.042,0,1.95,1.95,10.734,8.336,96.042,7.055,2026.131,0,7.075,7.075
5/25/2022 12:08:56 PM,0,31.603,1.191,2.642,2307.1,996.041,0,1.896,1.896,9.765,8.34,96.087,7.059,2030.294,0,7.079,7.079
5/25/2022 12:08:56 PM,0,31.609,1.192,2.645,2309.6,996.04,0,2.052,2.052,9.559,8.339,96.062,7.057,2033.353,0,7.077,7.077
5/25/2022 12:08:56 PM,0,31.612,1.187,2.635,2300.7,996.036,0,2.098,2.098,10.132,8.333,96.066,7.058,2040.15,0,7.078,7.078
5/25/2022 12:08:56 PM,0,31.613,1.195,2.652,2315.3,996.041,0,2.231,2.231,9.838,8.334,96.04,7.055,2044.822,0,7.076,7.076
5/25/2022 12:08:57 PM,0,31.614,1.187,2.634,2299.5,996.035,0,1.669,1.669,10.132,8.33,96.025,7.055,2049.07,0,7.075,7.075
5/25/2022 12:08:57 PM,0,31.612,1.19,2.64,2304.7,996.037,0,1.669,1.669,9.897,8.336,96.128,7.062,2054.253,0,7.082,7.082
5/25/2022 12:08:57 PM,0,31.609,1.187,2.634,2300,996.036,0,1.63,1.63,9.471,8.332,96.104,7.061,2057.566,0,7.081,7.081
5/25/2022 12:08:57 PM,0,31.606,1.187,2.634,2299.8,996.037,0,2.052,2.052,9.574,8.33,96.019,7.055,2059.605,0,7.075,7.075
5/25/2022 12:08:58 PM,0,31.6,1.179,2.617,2285.6,996.033,0,1.974,1.974,10.132,8.321,95.994,7.053,2060.115,0,7.073,7.073
5/25/2022 12:08:58 PM,0,31.594,1.175,2.609,2278.2,996.032,0,1.49,1.49,10.205,8.319,96.035,7.057,2058.841,0,7.077,7.077
5/25/2022 12:08:58 PM,0,31.579,1.168,2.593,2265.3,996.032,0,1.537,1.537,10.117,8.321,95.945,7.05,2058.076,0,7.07,7.07
5/25/2022 12:08:58 PM,0,31.57,1.157,2.569,2244.5,996.026,0,1.74,1.74,9.251,8.317,96.037,7.058,2057.651,0,7.078,7.078
5/25/2022 12:08:58 PM,0,31.565,1.142,2.538,2217.5,996.017,0,1.732,1.732,10,8.314,96.047,7.059,2056.802,0,7.079,7.079
5/25/2022 12:08:59 PM,0,31.561,1.135,2.522,2204.2,996.013,0,1.786,1.786,10.22,8.313,96.028,7.059,2055.612,0,7.079,7.079
5/25/2022 12:08:59 PM,0,31.556,1.117,2.483,2170.4,996.001,0,1.888,1.888,9.941,8.312,96.097,7.064,2051.534,0,7.085,7.085
5/25/2022 12:08:59 PM,0,31.555,1.104,2.456,2146.1,995.991,0,2.044,2.044,9.236,8.312,96.024,7.06,2048.9,0,7.08,7.08
5/25/2022 12:08:59 PM,0,31.556,1.1,2.447,2139,995.988,0,1.732,1.732,9.104,8.31,96.018,7.059,2045.587,0,7.08,7.079
5/25/2022 12:08:59 PM,0,31.556,1.088,2.423,2117.2,995.979,0,1.771,1.771,9.765,8.313,96.055,7.062,2042.528,0,7.083,7.083
5/25/2022 12:09:00 PM,0,31.554,1.087,2.422,2116.4,995.98,0,1.818,1.818,9.867,8.314,96.024,7.061,2039.81,0,7.081,7.081
5/25/2022 12:09:00 PM,0,31.554,1.071,2.386,2085.2,995.967,0,1.779,1.779,10.176,8.308,96.016,7.061,2037.686,0,7.081,7.081
5/25/2022 12:09:00 PM,0,31.558,1.075,2.396,2094,995.969,0,1.755,1.755,9.413,8.304,96.062,7.064,2036.921,0,7.085,7.084
5/25/2022 12:09:00 PM,0,31.56,1.066,2.376,2076.5,995.962,0,1.872,1.872,9.677,8.308,96.093,7.066,2035.986,0,7.087,7.087
5/25/2022 12:09:00 PM,0,31.561,1.069,2.383,2082.6,995.964,0,1.35,1.35,9.413,8.302,96.153,7.071,2037.941,0,7.091,7.091
5/25/2022 12:09:01 PM,0,31.564,1.066,2.377,2076.8,995.961,0,1.849,1.849,9.589,8.302,96.062,7.064,2040.744,0,7.084,7.084
5/25/2022 12:09:01 PM,0,31.565,1.069,2.384,2082.9,995.963,0,2.013,2.013,9.486,8.298,96.228,7.076,2042.953,0,7.096,7.096
5/25/2022 12:09:01 PM,0,31.565,1.065,2.375,2074.9,995.959,0,1.599,1.599,10.058,8.299,96.092,7.066,2045.247,0,7.086,7.086
5/25/2022 12:09:01 PM,0,31.57,1.066,2.376,2075.8,995.958,0,1.701,1.701,10.367,8.285,96.125,7.068,2050.175,0,7.088,7.088
5/25/2022 12:09:01 PM,0,31.572,1.068,2.381,2079.8,995.959,0,1.701,1.701,10.029,8.288,96.095,7.065,2052.299,0,7.086,7.085
5/25/2022 12:09:02 PM,0,31.58,1.062,2.369,2069.6,995.953,0,2.028,2.028,9.677,8.283,96.14,7.069,2053.913,0,7.089,7.089
5/25/2022 12:09:02 PM,0,31.592,1.06,2.365,2065.8,995.947,0,1.896,1.896,9.501,8.28,96.107,7.066,2056.462,0,7.086,7.086
5/25/2022 12:09:02 PM,0,31.608,1.052,2.35,2051.4,995.936,0,1.591,1.591,9.295,8.28,96.081,7.064,2057.142,0,7.085,7.085
5/25/2022 12:09:02 PM,0,31.628,1.052,2.349,2050,995.93,0,1.857,1.857,10.631,8.281,96.196,7.073,2057.142,0,7.093,7.093
5/25/2022 12:09:02 PM,0,31.638,1.04,2.325,2028.5,995.918,0,1.716,1.716,9.765,8.274,96.054,7.063,2058.501,0,7.083,7.083
5/25/2022 12:09:03 PM,0,31.636,1.038,2.32,2024.6,995.917,0,2.013,2.013,10.323,8.269,96.131,7.068,2059.096,0,7.089,7.089
5/25/2022 12:09:03 PM,0,31.634,1.033,2.309,2015,995.914,0,2.044,2.044,9.031,8.266,96.081,7.065,2058.841,0,7.085,7.085
5/25/2022 12:09:03 PM,0,31.634,1.031,2.305,2011,995.912,0,1.903,1.903,9.369,8.262,96.124,7.068,2059.775,0,7.089,7.088
5/25/2022 12:09:03 PM,0,31.64,1.031,2.305,2011.5,995.91,0,1.981,1.981,9.413,8.263,95.993,7.059,2060.37,0,7.079,7.079
5/25/2022 12:09:04 PM,0,31.641,1.026,2.295,2002.2,995.906,0,1.864,1.864,9.985,8.257,96.056,7.063,2060.795,0,7.083,7.083
5/25/2022 12:09:04 PM,0,31.639,1.025,2.292,2000.2,995.906,0,2.091,2.091,9.398,8.255,95.996,7.059,2060.03,0,7.079,7.079
5/25/2022 12:09:04 PM,0,31.638,1.018,2.278,1988,995.901,0,2.122,2.122,9.794,8.255,96.053,7.063,2058.076,0,7.084,7.084
5/25/2022 12:09:04 PM,0,31.636,1.016,2.274,1984.1,995.9,0,1.903,1.903,10.014,8.258,96.047,7.063,2057.396,0,7.083,7.083
5/25/2022 12:09:04 PM,0,31.633,1.01,2.26,1972.4,995.897,0,1.802,1.802,9.853,8.261,96.084,7.066,2053.233,0,7.086,7.086
5/25/2022 12:09:05 PM,0,31.634,1.011,2.262,1973.7,995.897,0,1.638,1.638,10.513,8.26,95.952,7.056,2051.194,0,7.076,7.076
5/25/2022 12:09:05 PM,0,31.635,1.007,2.254,1966.5,995.894,0,1.545,1.545,10.837,8.261,95.927,7.054,2047.541,0,7.075,7.074
5/25/2022 12:09:05 PM,0,31.634,1.007,2.253,1966.5,995.894,0,1.685,1.685,10.881,8.257,96.015,7.061,2043.718,0,7.081,7.081
5/25/2022 12:09:05 PM,0,31.635,1.004,2.248,1961.5,995.892,0,2.059,2.059,10.557,8.258,96.04,7.063,2042.358,0,7.083,7.083
5/25/2022 12:09:05 PM,0,31.637,1.004,2.247,1961.1,995.891,0,1.607,1.607,10,8.257,95.917,7.054,2042.613,0,7.074,7.074
5/25/2022 12:09:06 PM,0,31.636,1.002,2.243,1957.5,995.89,0,1.935,1.935,10.411,8.254,95.892,7.052,2042.698,0,7.072,7.072
5/25/2022 12:09:06 PM,0,31.635,1.001,2.242,1956.1,995.89,0,1.841,1.841,9.941,8.254,95.911,7.053,2044.228,0,7.074,7.074
5/25/2022 12:09:06 PM,0,31.634,1.001,2.241,1955.2,995.889,0,1.662,1.662,9.809,8.255,95.953,7.056,2044.822,0,7.077,7.077
5/25/2022 12:09:06 PM,0,31.635,0.999,2.238,1953,995.888,0,1.49,1.49,8.796,8.251,95.966,7.058,2046.522,0,7.078,7.078
5/25/2022 12:09:06 PM,0,31.635,0.999,2.236,1951.3,995.888,0,1.584,1.584,9.427,8.252,95.869,7.05,2048.476,0,7.071,7.071
5/25/2022 12:09:07 PM,0,31.636,0.997,2.232,1948.1,995.886,0,1.771,1.771,9.853,8.245,95.958,7.057,2050.43,0,7.078,7.078
5/25/2022 12:09:07 PM,0,31.63,0.997,2.234,1949.2,995.888,0,1.896,1.896,10,8.245,96.114,7.069,2052.299,0,7.089,7.089
5/25/2022 12:09:07 PM,0,31.627,0.994,2.227,1943.6,995.887,0,2.153,2.153,10.176,8.244,96.016,7.062,2053.998,0,7.082,7.082
5/25/2022 12:09:07 PM,0,31.625,0.996,2.23,1946,995.889,0,2.325,2.325,9.589,8.244,96.095,7.067,2055.442,0,7.088,7.087
