"0","#Load packages from Bioconductor:
library(phyloseq)
#Load packages from Bioconductor:
library(phyloseq)
#packageVersion(""phyloseq"")
library(MicrobiotaProcess)
"
"2","[38;5;246mMicrobiotaProcess v1.16.1 For help: https://github.com/YuLab-SMU/MicrobiotaProcess/issues

If you use MicrobiotaProcess in published research, please cite the paper:

Shuangbin Xu, Li Zhan, Wenli Tang, Qianwen Wang, Zehan Dai, Lang Zhou, Tingze Feng, Meijun Chen, Tianzhi Wu,
Erqiang Hu, Guangchuang Yu. MicrobiotaProcess: A comprehensive R package for deep mining microbiome. The
Innovation. 2023, 4(2):100388. doi: 10.1016/j.xinn.2023.100388

Export the citation to BibTex by citation('MicrobiotaProcess')

This message can be suppressed by: suppressPackageStartupMessages(library(MicrobiotaProcess))[39m
"
"0","#Load packages from Github:"
"0","library(calecopal) # color palette"
